Used 2018 Mazda, CX-5 Touring AWD, $16,645, Great Price, 78,728 miles, 
Used 2018 Mazda, CX-5 Touring AWD, $14,999, Excellent Price, 99,214 miles, 
Used 2018 Mazda, Mazda6 Touring Automatic, $17,980, Excellent Price, 81,476 miles, 
Used 2018 Mazda, CX-5 Grand Touring AWD, $14,700, Excellent Price, 94,731 miles, 
Used 2018 Mazda, Mazda3 Touring 4-Door Automatic, $14,977, Great Price, 56,218 miles, 
Used 2018 Mazda, CX-3 Touring AWD, $14,493, Excellent Price, 64,426 miles, 
Used 2018 Mazda, Mazda6 Signature Automatic, $19,990, Great Price, 46,725 miles, 
Used 2018 Mazda, CX-5 Sport AWD, $15,999, Excellent Price, 56,548 miles, 
Used 2018 Mazda, Mazda6 Signature Automatic, $18,999, Great Price, 85,609 miles, 
Used 2018 Mazda, CX-5 Sport FWD, $13,999, Excellent Price, 89,781 miles, 
Used 2018 Mazda, CX-5 Sport AWD, $14,990, Great Price, 85,777 miles, 
Used 2018 Mazda, CX-3 Touring AWD, $14,749, Great Price, 63,368 miles, 
Used 2018 Mazda, CX-5 Sport AWD, $16,995, High Price, 85,221 miles, 
Used 2018 Mazda, Mazda3 Touring 4-Door Automatic, $13,499, High Price, 84,007 miles, 
Used 2018 Mazda, CX-5 Touring AWD, $16,799, Great Price, 94,922 miles, 
Used 2018 Mazda, CX-5 Touring AWD, $22,995, High Price, 28,844 miles, 
Used 2018 Mazda, CX-5 Grand Touring AWD, $18,324, High Price, 73,595 miles, 
Used 2018 Mazda, Mazda3 Grand Touring 4-Door Automatic, $15,977, Excellent Price, 37,542 miles, 
Used 2018 Mazda, Mazda6 Touring Automatic, $19,898, Fair Price, 35,233 miles, 
Used 2018 Mazda, CX-5 Touring AWD, $18,995, Great Price, 52,211 miles, 
Used 2018 Mazda, Mazda3 Touring 4-Door Automatic, $16,000, High Price, 57,337 miles, 
Used 2018 Mazda, Mazda6 Grand Touring Automatic, $9,495, Excellent Price, 136,822 miles, 
Used 2018 Mazda, CX-5 Touring AWD, $17,999, Excellent Price, 71,050 miles, 
Used 2018 Mazda, CX-5 Touring AWD, $18,888, High Price, 67,561 miles, 
Used 2018 Mazda, CX-5 Grand Touring AWD, $16,995, Great Price, 80,825 miles, 
Used 2018 Mazda, Mazda3 Touring 5-Door Automatic, $13,500, High Price, 118,908 miles, 
Used 2018 Mazda, CX-5 Grand Touring AWD, $16,569, Great Price, 90,442 miles, 
Used 2018 Mazda, CX-5 Grand Touring AWD, $18,950, Great Price, 75,803 miles, 
Used 2018 Mazda, CX-5 Touring AWD, $17,950, Great Price, 74,247 miles, 
Used 2018 Mazda, CX-3 Grand Touring AWD, $14,479, High Price, 108,042 miles, 
Used 2018 Mazda, CX-5 Sport AWD, $16,494, High Price, 97,169 miles, 
Used 2018 Mazda, CX-5 Grand Touring AWD, $19,989, Great Price, 52,943 miles, 
Used 2018 Mazda, CX-5 Touring AWD, $19,998, Excellent Price, 37,267 miles, 
Used 2018 Mazda, CX-5 Touring AWD, $19,500, Fair Price, 63,253 miles, 
Used 2018 Mazda, Mazda6 Sport Automatic, $17,950, High Price, 55,846 miles, 
Used 2018 Mazda, CX-5 Grand Touring AWD, $16,995, High Price, 97,121 miles, 
Used 2018 Mazda, Mazda6 Grand Touring Automatic, $11,999, High Price, 126,402 miles, 
Used 2018 Mazda, MX-5 Miata Club Manual, $20,999, Fair Price, 54,098 miles, 
Used 2018 Mazda, CX-5 Sport FWD, $16,499, High Price, 41,156 miles, 
Used 2018 Mazda, CX-5 Grand Touring AWD, $19,500, Great Price, 61,056 miles, 
Used 2018 Mazda, Mazda3 Touring 5-Door Manual, $16,998, High Price, 71,620 miles, 
Used 2018 Mazda, CX-5 Sport AWD, $21,595, High Price, 59,186 miles, 
Used 2018 Mazda, Mazda3 Touring 4-Door Manual, $16,991, Fair Price, 49,884 miles, 
Used 2018 Mazda, CX-3 Touring AWD, $16,000, Fair Price, 43,392 miles, 
Used 2018 Mazda, CX-9 Touring AWD, $18,977, High Price, 80,329 miles, 
Used 2018 Mazda, CX-5 Grand Touring AWD, $17,995, Fair Price, 79,999 miles, 
Used 2018 Mazda, CX-3 Grand Touring AWD, $15,500, High Price, 57,921 miles, 
Used 2018 Mazda, CX-3 Touring AWD, $14,750, High Price, 101,314 miles, 
