Used 2024 Land Rover, Range Rover Velar P400 Dynamic HSE, $58,912, Excellent Price, 5,385 miles, 
Used 2024 Land Rover, Discovery Sport Dynamic SE, $40,962, Great Price, 7,722 miles, 
Used 2024 Land Rover, Defender 110 P525 V8, $90,700, Excellent Price, 12,744 miles, 
Used 2024 Land Rover, Discovery Sport Dynamic SE, $36,790, Excellent Price, 7,478 miles, 
Used 2024 Land Rover, Range Rover Sport SV Edition One Obsidian Black, $147,500, Excellent Price, 5,079 miles, 
Used 2024 Land Rover, Range Rover Evoque S, $39,810, Excellent Price, 4,214 miles, 
Used 2024 Land Rover, Range Rover P530 Autobiography SWB, $139,000, Excellent Price, 9,402 miles, 
Used 2024 Land Rover, Range Rover Evoque S, $39,752, Excellent Price, 4,460 miles, 
Used 2024 Land Rover, Defender 110 P525 V8, $94,122, Excellent Price, 4,687 miles, 
Used 2024 Land Rover, Discovery Sport S, $36,988, Excellent Price, 2,283 miles, 
Used 2024 Land Rover, Defender 90 P400 X-Dynamic SE, $56,000, Excellent Price, 17,135 miles, 
Used 2024 Land Rover, Range Rover Sport SV Edition One Flux Silver, $154,495, Excellent Price, 6,445 miles, 
Used 2024 Land Rover, Discovery Sport S, $37,567, Excellent Price, 4,632 miles, 
Used 2024 Land Rover, Range Rover Velar P400 Dynamic HSE, $58,912, Excellent Price, 5,385 miles, 
Used 2024 Land Rover, Discovery Sport S, $38,320, Excellent Price, 3,234 miles, 
Used 2024 Land Rover, Defender 110 P525 Carpathian Edition, $96,821, Excellent Price, 24,251 miles, 
Used 2024 Land Rover, Range Rover P615 SV LWB, $185,521, Excellent Price, 17,643 miles, 
Used 2024 Land Rover, Range Rover Evoque S, $40,590, Great Price, 5,240 miles, 
Used 2024 Land Rover, Defender 130 P400 Outbound, $75,950, Great Price, 8,308 miles, 
Used 2024 Land Rover, Discovery P360 Metropolitan Edition, $64,582, Excellent Price, 4,225 miles, 
Used 2024 Land Rover, Range Rover Sport SE Dynamic, $78,250, Excellent Price, 17,856 miles, 
Used 2024 Land Rover, Defender 110 P500 SE, $84,844, Excellent Price, 7,046 miles, 
Used 2024 Land Rover, Discovery Sport S, $38,612, Great Price, 9,039 miles, 
Used 2024 Land Rover, Defender 110 P400 S, $62,790, Excellent Price, 6,378 miles, 
Used 2024 Land Rover, Defender 110 P525 V8, $90,700, Excellent Price, 12,744 miles, 
Used 2024 Land Rover, Discovery Sport S, $42,000, Great Price, 1,132 miles, 
Used 2024 Land Rover, Discovery Sport S, $38,988, Great Price, 3,698 miles, 
Used 2024 Land Rover, Defender 130 P400 X-Dynamic SE, $69,950, Great Price, 20,918 miles, 
Used 2024 Land Rover, Defender 110 P400 S, $59,988, Excellent Price, 19,209 miles, 
Used 2024 Land Rover, Range Rover Sport SV Edition One Flux Silver, $156,810, Excellent Price, 6,162 miles, 
Used 2024 Land Rover, Discovery Sport Dynamic SE, $43,480, Great Price, 753 miles, 
Used 2024 Land Rover, Defender 110 P500 SE, $84,488, Great Price, 7,259 miles, 
Used 2024 Land Rover, Discovery P360 Dynamic SE, $57,988, Great Price, 4,311 miles, 
Used 2024 Land Rover, Range Rover P615 SV LWB, $185,521, Excellent Price, 17,643 miles, 
Used 2024 Land Rover, Defender 110 P500 SE, $84,488, Great Price, 7,259 miles, 
Used 2024 Land Rover, Discovery P360 Dynamic SE, $57,988, Great Price, 4,311 miles, 
Used 2024 Land Rover, Defender 110 P525 V8, $90,700, Excellent Price, 12,744 miles, 
Used 2024 Land Rover, Defender 130 P400 X-Dynamic SE, $70,950, Fair Price, 20,700 miles, 
Used 2024 Land Rover, Discovery Sport S, $39,988, Great Price, 2,603 miles, 
Used 2024 Land Rover, Defender 130 P400 X-Dynamic SE, $76,979, Great Price, 5,160 miles, 
Used 2024 Land Rover, Discovery Sport Dynamic SE, $42,488, Great Price, 5,514 miles, 
Used 2024 Land Rover, Defender 130 P400 X-Dynamic SE, $74,000, Fair Price, 28,575 miles, 
Used 2024 Land Rover, Defender 130 P300 S, $69,000, Fair Price, 4,992 miles, 
Used 2024 Land Rover, Range Rover Evoque Dynamic SE, $44,590, Fair Price, 6,312 miles, 
Used 2024 Land Rover, Discovery Sport Dynamic SE, $40,962, Great Price, 7,722 miles, 
Used 2024 Land Rover, Range Rover Evoque Dynamic SE, $46,999, Fair Price, 7,059 miles, 
Used 2024 Land Rover, Defender 130 P400 S, $73,488, Fair Price, 3,360 miles, 
Used 2024 Land Rover, Range Rover P530 SE LWB, $121,594, Fair Price, 8,625 miles, 
Used 2024 Land Rover, Discovery P300 S, $52,880, Fair Price, 4,602 miles, 
Used 2024 Land Rover, Discovery Sport Dynamic SE, $46,000, High Price, 5,031 miles, 
Used 2024 Land Rover, Defender 110 P400 S, $69,999, High Price, 1,784 miles, 
Used 2024 Land Rover, Range Rover Sport SE, $83,999, High Price, 1,107 miles, 
Used 2024 Land Rover, Range Rover Sport SE, $81,014, Fair Price, 8,831 miles, 
Used 2024 Land Rover, Discovery P300 S, $57,000, High Price, 5,213 miles, 
Used 2024 Land Rover, Range Rover P400 SE SWB, $99,770, High Price, 25,220 miles, 
Used 2024 Land Rover, Range Rover Sport SE Dynamic, $92,950, High Price, 9,202 miles, 
Used 2024 Land Rover, Discovery P300 Dynamic SE, $57,495, High Price, 7,853 miles, 
Used 2024 Land Rover, Discovery P300 S, $58,150, High Price, 4,900 miles, 
Used 2024 Land Rover, Range Rover Sport SE Dynamic, $89,950, High Price, 15,682 miles, 
Used 2024 Land Rover, Defender 130 P300 S, $68,988, High Price, 4,640 miles, 
Used 2024 Land Rover, Discovery P300 S, $59,000, High Price, 5,688 miles, 
Used 2024 Land Rover, Range Rover P400 SE SWB, $109,999, High Price, 14,545 miles, 
Used 2024 Land Rover, Discovery P360 Dynamic SE, $56,981, High Price, 20,758 miles, 
Used 2024 Land Rover, Defender 110 P300 S, $62,950, High Price, 9,444 miles, 
Used 2024 Land Rover, Discovery P300 S, $59,000, High Price, 5,688 miles, 
Used 2024 Land Rover, Range Rover P400 SE SWB, $109,999, High Price, 14,545 miles, 
Used 2024 Land Rover, Defender 130 P300 S, $71,300, High Price, 2,838 miles, 
Used 2024 Land Rover, Defender 130 P300 S, $69,988, High Price, 5,116 miles, 
Used 2024 Land Rover, Defender 130 P400 X-Dynamic SE, $70,804, Fair Price, 23,464 miles, 
Used 2024 Land Rover, Range Rover Sport SE Dynamic, $81,000, Fair Price, 14,200 miles, 
Used 2024 Land Rover, Discovery Sport Dynamic SE, $47,988, High Price, 2,837 miles, 
Used 2024 Land Rover, Range Rover P400 SE LWB, $119,995, High Price, 12,163 miles, 
Used 2024 Land Rover, Range Rover P400 SE SWB, $106,000, High Price, 9,745 miles, 
Used 2024 Land Rover, Range Rover P400 SE SWB, $115,995, High Price, 15,175 miles, 
Used 2024 Land Rover, Discovery Sport Dynamic SE, $60,798, High Price, 5,000 miles, 
Used 2024 Land Rover, Range Rover Evoque S, $57,890, High Price, 2,829 miles, 
Used 2024 Land Rover, Range Rover P400 SE SWB, $109,995, High Price, 16,133 miles, 
