Used 2021 Mazda, MX-5 Miata RF Grand Touring Manual, $24,998, Great Price, 37,697 miles, 
Used 2021 Mazda, CX-5 Touring AWD, $16,950, Excellent Price, 121,981 miles, 
Used 2021 Mazda, CX-30 Turbo Premium AWD, $22,807, Excellent Price, 38,298 miles, 
Used 2021 Mazda, Mazda6 Touring, $18,295, Great Price, 61,065 miles, 
Used 2021 Mazda, CX-5 Grand Touring AWD, $23,290, Great Price, 45,547 miles, 
Used 2021 Mazda, CX-30 Preferred AWD, $21,999, Excellent Price, 23,908 miles, 
Used 2021 Mazda, CX-5 Touring AWD, $16,950, Excellent Price, 121,981 miles, 
Used 2021 Mazda, CX-5 Touring AWD, $21,028, Excellent Price, 54,920 miles, 
Used 2021 Mazda, CX-9 Signature AWD, $32,998, Great Price, 27,567 miles, 
Used 2021 Mazda, Mazda3 2.5 Turbo Premium Plus 4-Door AWD, $25,836, Great Price, 17,309 miles, 
Used 2021 Mazda, CX-30 Preferred AWD, $21,425, Excellent Price, 28,362 miles, 
Used 2021 Mazda, CX-5 Grand Touring AWD, $23,937, Great Price, 47,861 miles, 
Used 2021 Mazda, CX-9 Grand Touring AWD, $29,000, Great Price, 23,372 miles, 
Used 2021 Mazda, CX-5 Grand Touring AWD, $27,998, Fair Price, 5,639 miles, 
Used 2021 Mazda, MX-5 Miata RF Grand Touring Manual, $24,998, Great Price, 37,697 miles, 
Used 2021 Mazda, CX-5 Grand Touring AWD, $26,500, Great Price, 23,592 miles, 
Used 2021 Mazda, CX-5 Carbon Edition Turbo AWD, $20,000, Excellent Price, 75,597 miles, 
Used 2021 Mazda, CX-5 Touring AWD, $18,490, Excellent Price, 74,235 miles, 
Used 2021 Mazda, CX-5 Touring AWD, $23,495, Great Price, 36,018 miles, 
Used 2021 Mazda, CX-5 Carbon Edition Turbo AWD, $25,990, Excellent Price, 7,251 miles, 
Used 2021 Mazda, CX-5 Sport AWD, $18,777, Great Price, 60,002 miles, 
Used 2021 Mazda, CX-5 Touring AWD, $24,499, Fair Price, 27,825 miles, 
Used 2021 Mazda, CX-5 Grand Touring AWD, $23,888, Excellent Price, 26,037 miles, 
Used 2021 Mazda, CX-5 Touring FWD, $24,998, High Price, 36,370 miles, 
Used 2021 Mazda, Mazda6 Carbon Edition, $22,389, Excellent Price, 38,368 miles, 
Used 2021 Mazda, CX-30 Preferred AWD, $20,892, Great Price, 56,981 miles, 
Used 2021 Mazda, Mazda3 Select 5-Door AWD, $21,499, High Price, 27,993 miles, 
Used 2021 Mazda, CX-5 Touring AWD, $21,559, Great Price, 38,746 miles, 
Used 2021 Mazda, CX-30 AWD, $18,998, Fair Price, 77,544 miles, 
Used 2021 Mazda, CX-9 Grand Touring AWD, $15,990, Excellent Price, 115,551 miles, 
Used 2021 Mazda, CX-5 Grand Touring AWD, $17,588, Great Price, 94,797 miles, 
Used 2021 Mazda, CX-5 Grand Touring AWD, $19,595, Great Price, 41,086 miles, 
Used 2021 Mazda, CX-30 Preferred AWD, $13,999, Excellent Price, 104,330 miles, 
Used 2021 Mazda, CX-5 Touring AWD, $25,000, Fair Price, 21,499 miles, 
Used 2021 Mazda, CX-30 Premium AWD, $19,999, Great Price, 82,937 miles, 
Used 2021 Mazda, CX-5 Signature AWD, $24,600, Fair Price, 27,543 miles, 
Used 2021 Mazda, CX-5 Sport AWD, $21,899, Excellent Price, 33,324 miles, 
Used 2021 Mazda, Mazda3 Select 4-Door AWD, $20,998, High Price, 40,396 miles, 
Used 2021 Mazda, Mazda6 Touring, $17,989, Fair Price, 94,795 miles, 
Used 2021 Mazda, CX-30 Select AWD, $21,998, High Price, 46,828 miles, 
Used 2021 Mazda, CX-5 Grand Touring AWD, $22,495, Great Price, 19,431 miles, 
Used 2021 Mazda, CX-5 Touring AWD, $26,998, High Price, 25,711 miles, 
Used 2021 Mazda, CX-5 Touring AWD, $24,998, Fair Price, 32,459 miles, 
Used 2021 Mazda, Mazda3 Preferred 5-Door AWD, $20,126, Fair Price, 38,106 miles, 
Used 2021 Mazda, MX-5 Miata RF Club Manual, $29,998, High Price, 14,955 miles, 
Used 2021 Mazda, Mazda3 Select 4-Door FWD, $17,999, High Price, 71,440 miles, 
Used 2021 Mazda, CX-5 Grand Touring AWD, $23,788, Fair Price, 43,350 miles, 
Used 2021 Mazda, MX-5 Miata Grand Touring Manual, $29,998, Fair Price, 8,105 miles, 
Used 2021 Mazda, CX-5 Grand Touring AWD, $21,475, Great Price, 47,624 miles, 
Used 2021 Mazda, Mazda3 Select 4-Door AWD, $23,998, Fair Price, 5,273 miles, 
Used 2021 Mazda, CX-5 Touring AWD, $19,800, Great Price, 47,862 miles, 
Used 2021 Mazda, CX-3 Sport AWD, $19,988, Great Price, 19,228 miles, 
Used 2021 Mazda, CX-9 Carbon Edition AWD, $21,526, Great Price, 66,969 miles, 
Used 2021 Mazda, CX-30 Preferred AWD, $21,000, Great Price, 27,815 miles, 
Used 2021 Mazda, CX-5 Touring AWD, $24,745, Fair Price, 21,418 miles, 
Used 2021 Mazda, CX-5 Sport AWD, $18,777, Great Price, 76,689 miles, 
Used 2021 Mazda, Mazda3 2.5 Turbo 5-Door AWD, $19,787, Great Price, 60,686 miles, 
Used 2021 Mazda, Mazda3 Select 4-Door FWD, $17,777, Great Price, 47,831 miles, 
Used 2021 Mazda, CX-5 Grand Touring Reserve AWD, $26,500, Great Price, 23,137 miles, 
Used 2021 Mazda, CX-30 AWD, $17,762, Great Price, 69,596 miles, 
Used 2021 Mazda, CX-9 Carbon Edition AWD, $28,818, Fair Price, 33,992 miles, 
Used 2021 Mazda, CX-9 Touring AWD, $22,980, Fair Price, 62,971 miles, 
Used 2021 Mazda, Mazda6 Touring, $16,716, Great Price, 49,578 miles, 
Used 2021 Mazda, Mazda3 Select 4-Door FWD, $14,629, Excellent Price, 56,482 miles, 
Used 2021 Mazda, CX-9 Grand Touring AWD, $27,677, Great Price, 39,200 miles, 
Used 2021 Mazda, CX-5 Touring AWD, $23,759, High Price, 31,994 miles, 
Used 2021 Mazda, CX-5 Touring AWD, $20,989, Great Price, 47,120 miles, 
Used 2021 Mazda, Mazda3 Preferred 5-Door AWD, $20,555, Fair Price, 35,859 miles, 
Used 2021 Mazda, CX-5 Grand Touring AWD, $25,108, Fair Price, 46,024 miles, 
Used 2021 Mazda, CX-30 FWD, $17,889, High Price, 64,392 miles, 
Used 2021 Mazda, Mazda3 Select 4-Door FWD, $17,999, High Price, 71,440 miles, 
Used 2021 Mazda, CX-5 Signature AWD, $24,000, High Price, 81,247 miles, 
Used 2021 Mazda, CX-5 Carbon Edition AWD, $23,696, Fair Price, 52,821 miles, 
Used 2021 Mazda, CX-30 Turbo AWD, $19,499, High Price, 58,111 miles, 
Used 2021 Mazda, CX-9 Grand Touring AWD, $22,900, Fair Price, 78,103 miles, 
Used 2021 Mazda, Mazda3 2.5 Turbo Premium Plus 5-Door AWD, $20,495, Great Price, 70,957 miles, 
Used 2021 Mazda, CX-5 Touring AWD, $24,998, High Price, 30,932 miles, 
Used 2021 Mazda, Mazda3 Preferred 4-Door AWD, $18,385, High Price, 64,318 miles, 
Used 2021 Mazda, CX-5 Grand Touring AWD, $23,517, High Price, 74,486 miles, 
Used 2021 Mazda, CX-30 FWD, $20,595, Fair Price, 17,017 miles, 
Used 2021 Mazda, CX-5 Touring AWD, $22,599, High Price, 55,060 miles, 
Used 2021 Mazda, CX-5 Touring AWD, $21,824, Fair Price, 65,386 miles, 
Used 2021 Mazda, CX-5 Grand Touring AWD, $22,799, Fair Price, 37,461 miles, 
Used 2021 Mazda, CX-5 Touring AWD, $22,889, Excellent Price, 26,499 miles, 
Used 2021 Mazda, CX-30 Select FWD, $17,989, Fair Price, 52,493 miles, 
Used 2021 Mazda, CX-5 Touring AWD, $21,110, Fair Price, 69,763 miles, 
Used 2021 Mazda, CX-30 Premium AWD, $22,488, Great Price, 30,101 miles, 
Used 2021 Mazda, CX-30 AWD, $17,777, Fair Price, 55,698 miles, 
Used 2021 Mazda, CX-3 Sport AWD, $19,792, Great Price, 32,990 miles, 
Used 2021 Mazda, CX-30 Turbo AWD, $22,285, High Price, 16,933 miles, 
Used 2021 Mazda, CX-9 Grand Touring FWD, $24,850, Fair Price, 57,123 miles, 
Used 2021 Mazda, CX-5 Touring AWD, $22,559, High Price, 67,496 miles, 
Used 2021 Mazda, CX-5 Touring AWD, $21,659, Fair Price, 49,843 miles, 
Used 2021 Mazda, CX-9 Touring AWD, $26,959, High Price, 27,746 miles, 
Used 2021 Mazda, Mazda3 2.5 S 5-Door FWD, $14,999, High Price, 112,004 miles, 
Used 2021 Mazda, CX-30 Select FWD, $16,977, High Price, 80,230 miles, 
Used 2021 Mazda, CX-9 Carbon Edition AWD, $22,475, Fair Price, 84,071 miles, 
Used 2021 Mazda, CX-9 Grand Touring AWD, $26,839, High Price, 33,712 miles, 
Used 2021 Mazda, Mazda3 Select 5-Door AWD, $18,230, Fair Price, 58,087 miles, 
Used 2021 Mazda, Mazda3 Select 5-Door AWD, $18,980, High Price, 61,787 miles, 
Used 2021 Mazda, CX-30 Select AWD, $20,883, Fair Price, 33,453 miles, 
Used 2021 Mazda, CX-5 Touring AWD, $22,959, High Price, 36,848 miles, 
Used 2021 Mazda, CX-30 Turbo Premium Plus AWD, $24,889, Fair Price, 38,768 miles, 
Used 2021 Mazda, CX-30 Preferred AWD, $20,500, Fair Price, 48,952 miles, 
Used 2021 Mazda, CX-30 Preferred AWD, $24,000, High Price, 33,174 miles, 
