Used 2023 Mazda, CX-9 Signature, $21,499, Excellent Price, 140,311 miles, 
Used 2023 Mazda, Mazda3 Premium Hatchback Automatic AWD, $24,998, Excellent Price, 35,420 miles, 
Used 2023 Mazda, CX-5 2.5 S Premium, $28,998, Great Price, 15,450 miles, 
Used 2023 Mazda, CX-5 2.5 S Preferred, $26,998, Great Price, 20,264 miles, 
Used 2023 Mazda, CX-30 Carbon Edition, $23,998, Great Price, 36,982 miles, 
Used 2023 Mazda, CX-5 2.5 S Premium, $25,998, Excellent Price, 31,372 miles, 
Used 2023 Mazda, CX-5 2.5 S Premium, $23,420, Great Price, 47,930 miles, 
Used 2023 Mazda, Mazda3 Preferred Hatchback Automatic FWD, $19,420, Great Price, 51,743 miles, 
Used 2023 Mazda, CX-5 2.5 S Carbon Edition, $25,985, Great Price, 21,127 miles, 
Used 2023 Mazda, CX-50 Premium Plus, $28,846, Fair Price, 33,029 miles, 
Used 2023 Mazda, CX-5 2.5 S Premium Plus, $28,291, Great Price, 36,502 miles, 
Used 2023 Mazda, CX-9 Grand Touring, $27,887, Great Price, 51,964 miles, 
Used 2023 Mazda, Mazda3 Preferred Hatchback Automatic FWD, $22,496, Great Price, 16,238 miles, 
Used 2023 Mazda, CX-5 2.5 S Carbon Edition, $25,989, Great Price, 39,668 miles, 
Used 2023 Mazda, CX-9 Grand Touring, $33,288, Great Price, 18,172 miles, 
Used 2023 Mazda, CX-30 Premium, $26,498, Excellent Price, 8,050 miles, 
Used 2023 Mazda, CX-5 2.5 S, $22,342, Great Price, 43,236 miles, 
Used 2023 Mazda, CX-9 Grand Touring, $28,283, Fair Price, 55,496 miles, 
Used 2023 Mazda, CX-30 Premium, $26,899, Great Price, 24,692 miles, 
Used 2023 Mazda, CX-5 2.5 S Select, $25,588, Fair Price, 8,000 miles, 
Used 2023 Mazda, CX-9 Grand Touring, $26,800, Great Price, 48,287 miles, 
Used 2023 Mazda, CX-5 2.5 S Preferred, $22,393, Fair Price, 60,088 miles, 
Used 2023 Mazda, CX-5 2.5 S Premium Plus, $23,598, Excellent Price, 31,082 miles, 
Used 2023 Mazda, CX-30 Carbon Edition, $25,398, Great Price, 20,013 miles, 
Used 2023 Mazda, CX-9 Touring, $28,588, Fair Price, 27,018 miles, 
Used 2023 Mazda, CX-30 Select, $20,420, Fair Price, 54,410 miles, 
Used 2023 Mazda, CX-30 Select, $20,920, Fair Price, 49,000 miles, 
Used 2023 Mazda, MX-5 Miata Club Manual, $31,288, Fair Price, 7,368 miles, 
Used 2023 Mazda, CX-5 2.5 S Premium Plus, $26,999, Great Price, 23,716 miles, 
Used 2023 Mazda, CX-50 Preferred Plus, $25,362, Excellent Price, 43,786 miles, 
Used 2023 Mazda, CX-30 Carbon Edition, $22,655, Fair Price, 47,230 miles, 
Used 2023 Mazda, CX-9 Grand Touring, $27,888, Great Price, 50,510 miles, 
Used 2023 Mazda, CX-9 Grand Touring, $27,499, Great Price, 41,990 miles, 
Used 2023 Mazda, CX-5 2.5 S Premium, $29,420, Fair Price, 11,865 miles, 
Used 2023 Mazda, CX-30 Select, $20,420, Fair Price, 57,783 miles, 
Used 2023 Mazda, CX-30 Carbon Edition, $22,710, Great Price, 50,324 miles, 
Used 2023 Mazda, CX-30 Select, $21,277, Fair Price, 50,038 miles, 
Used 2023 Mazda, CX-30 Preferred, $24,388, Fair Price, 24,460 miles, 
Used 2023 Mazda, CX-30 Select, $20,420, High Price, 58,605 miles, 
Used 2023 Mazda, CX-5 2.5 S Carbon Edition, $29,998, High Price, 8,069 miles, 
Used 2023 Mazda, CX-30 Select, $20,420, Fair Price, 54,317 miles, 
Used 2023 Mazda, CX-30 Select, $24,998, Fair Price, 5,859 miles, 
Used 2023 Mazda, CX-30 Select, $20,420, Fair Price, 51,720 miles, 
Used 2023 Mazda, CX-30 Turbo Premium Plus, $29,935, Fair Price, 10,617 miles, 
Used 2023 Mazda, Mazda3 Carbon Edition Sedan Automatic FWD, $23,999, Great Price, 12,112 miles, 
Used 2023 Mazda, CX-9 Grand Touring, $26,994, Fair Price, 55,632 miles, 
Used 2023 Mazda, CX-9 Touring, $26,506, Fair Price, 49,121 miles, 
Used 2023 Mazda, CX-50 Premium Plus, $30,977, Fair Price, 19,053 miles, 
Used 2023 Mazda, CX-5 2.5 S Preferred, $27,998, Fair Price, 15,067 miles, 
Used 2023 Mazda, CX-50 Preferred Plus, $25,776, Fair Price, 27,610 miles, 
Used 2023 Mazda, CX-30 Select, $20,420, High Price, 58,916 miles, 
Used 2023 Mazda, CX-9 Grand Touring, $26,770, Fair Price, 57,297 miles, 
Used 2023 Mazda, Mazda3 Preferred Hatchback Automatic FWD, $20,996, Fair Price, 41,203 miles, 
Used 2023 Mazda, CX-5 2.5 S Preferred, $25,806, Fair Price, 29,431 miles, 
Used 2023 Mazda, CX-5 2.5 S Carbon Edition, $27,444, High Price, 31,834 miles, 
Used 2023 Mazda, CX-9 Touring Plus, $29,546, Great Price, 38,905 miles, 
Used 2023 Mazda, CX-30 Select, $21,967, Fair Price, 29,619 miles, 
Used 2023 Mazda, CX-5 2.5 S Carbon Edition, $25,897, Fair Price, 48,176 miles, 
Used 2023 Mazda, CX-30 Premium, $26,988, Great Price, 17,777 miles, 
Used 2023 Mazda, CX-30 Preferred, $23,969, High Price, 37,993 miles, 
Used 2023 Mazda, CX-50 Turbo Premium, $28,171, Great Price, 48,453 miles, 
Used 2023 Mazda, CX-30 Select, $21,220, High Price, 49,577 miles, 
Used 2023 Mazda, CX-5 2.5 S Preferred, $27,588, High Price, 18,665 miles, 
Used 2023 Mazda, MX-5 Miata Grand Touring Manual, $32,000, Fair Price, 4,748 miles, 
Used 2023 Mazda, CX-5 2.5 S Select, $24,488, Fair Price, 29,857 miles, 
Used 2023 Mazda, Mazda3 Preferred Sedan Automatic FWD, $21,920, Fair Price, 19,529 miles, 
Used 2023 Mazda, CX-9 Touring, $28,278, Fair Price, 34,430 miles, 
Used 2023 Mazda, CX-9 Grand Touring, $27,420, Fair Price, 52,402 miles, 
Used 2023 Mazda, CX-30 Carbon Edition, $24,772, High Price, 58,757 miles, 
Used 2023 Mazda, CX-5 2.5 S, $26,499, High Price, 12,016 miles, 
Used 2023 Mazda, CX-30 Select, $20,920, Fair Price, 47,838 miles, 
Used 2023 Mazda, CX-9 Grand Touring, $32,358, High Price, 42,083 miles, 
