Used 2024 Mazda, CX-30 Premium, $25,900, Excellent Price, 26,380 miles, 
Used 2024 Mazda, CX-90 Premium, $33,964, Great Price, 25,046 miles, 
Used 2024 Mazda, CX-90 S Premium Plus, $43,787, Great Price, 28,306 miles, 
Used 2024 Mazda, CX-50 Turbo Premium Plus, $36,911, Excellent Price, 8,309 miles, 
Used 2024 Mazda, CX-90 S Premium, $39,591, Great Price, 24,949 miles, 
Used 2024 Mazda, CX-50 Turbo Premium Plus, $35,984, Great Price, 22,454 miles, 
Used 2024 Mazda, CX-90 Premium, $38,487, Great Price, 16,484 miles, 
Used 2024 Mazda, CX-50 Turbo Premium Plus, $37,411, Great Price, 6,160 miles, 
Used 2024 Mazda, CX-90 Premium, $34,500, Great Price, 25,528 miles, 
Used 2024 Mazda, CX-30 Premium, $27,999, Excellent Price, 1,955 miles, 
Used 2024 Mazda, CX-30 Carbon Edition, $25,000, Great Price, 13,363 miles, 
Used 2024 Mazda, CX-30 Premium, $27,999, Excellent Price, 1,526 miles, 
Used 2024 Mazda, CX-50 Turbo Premium Plus, $37,412, Great Price, 7,911 miles, 
Used 2024 Mazda, CX-50 Premium, $31,411, Great Price, 6,923 miles, 
Used 2024 Mazda, CX-90 Plug-In Hybrid Premium, $36,690, Great Price, 21,244 miles, 
Used 2024 Mazda, CX-90 Plug-In Hybrid Premium Plus, $39,800, Great Price, 28,068 miles, 
Used 2024 Mazda, CX-30 Premium, $26,495, Great Price, 25,745 miles, 
Used 2024 Mazda, CX-30 Preferred, $23,500, Great Price, 30,176 miles, 
Used 2024 Mazda, CX-30 Carbon Edition, $27,984, Fair Price, 2,409 miles, 
Used 2024 Mazda, CX-5 2.5 Carbon Turbo, $33,499, Great Price, 6,321 miles, 
Used 2024 Mazda, CX-5 2.5 Turbo Premium, $30,482, Excellent Price, 19,576 miles, 
Used 2024 Mazda, CX-90 S, $37,999, Excellent Price, 26,304 miles, 
Used 2024 Mazda, CX-30 Premium, $28,999, Great Price, 2,432 miles, 
Used 2024 Mazda, CX-30 Premium, $27,999, Great Price, 1,416 miles, 
Used 2024 Mazda, CX-90 Preferred Plus, $36,999, Great Price, 8,236 miles, 
Used 2024 Mazda, CX-30 Premium, $27,999, Great Price, 1,207 miles, 
Used 2024 Mazda, CX-90 Premium, $36,900, Excellent Price, 9,206 miles, 
Used 2024 Mazda, CX-30 Turbo Premium Plus, $31,999, Great Price, 1,956 miles, 
Used 2024 Mazda, CX-30 Turbo Premium Plus, $31,999, Great Price, 1,665 miles, 
Used 2024 Mazda, CX-30 Premium, $27,999, Great Price, 2,857 miles, 
Used 2024 Mazda, CX-30 Turbo Premium Plus, $31,999, Great Price, 1,665 miles, 
Used 2024 Mazda, Mazda3 Preferred Hatchback Automatic FWD, $23,500, Excellent Price, 9,538 miles, 
Used 2024 Mazda, CX-30 Premium, $27,999, Great Price, 2,857 miles, 
Used 2024 Mazda, CX-30 Premium, $27,999, Great Price, 2,540 miles, 
Used 2024 Mazda, Mazda3 Preferred Hatchback Automatic FWD, $23,900, Great Price, 6,471 miles, 
Used 2024 Mazda, CX-30 Premium, $28,300, Excellent Price, 4,609 miles, 
Used 2024 Mazda, CX-90 Premium, $39,500, Great Price, 13,562 miles, 
Used 2024 Mazda, CX-50 Premium, $28,786, Great Price, 21,786 miles, 
Used 2024 Mazda, CX-90 Preferred Plus, $35,995, Excellent Price, 4,913 miles, 
Used 2024 Mazda, CX-30 Premium, $28,940, Excellent Price, 2,034 miles, 
Used 2024 Mazda, CX-5 2.5 S Carbon Edition, $27,203, Excellent Price, 22,999 miles, 
Used 2024 Mazda, CX-5 2.5 S Carbon Edition, $28,795, Great Price, 29,165 miles, 
Used 2024 Mazda, CX-90 Plug-In Hybrid Premium, $38,571, Great Price, 18,638 miles, 
Used 2024 Mazda, MX-5 Miata Club Manual, $31,900, Great Price, 3,824 miles, 
Used 2024 Mazda, CX-90 S, $34,943, Excellent Price, 35,533 miles, 
Used 2024 Mazda, CX-30 Carbon Turbo, $29,595, Fair Price, 3,977 miles, 
Used 2024 Mazda, CX-30 Carbon Turbo, $28,995, Great Price, 28,815 miles, 
Used 2024 Mazda, CX-50 Preferred, $25,750, Fair Price, 35,061 miles, 
Used 2024 Mazda, Mazda3 2.5 Turbo Premium Plus Sedan Automatic AWD, $28,241, Great Price, 29,338 miles, 
Used 2024 Mazda, CX-30 Turbo Premium Plus, $30,896, Great Price, 2,189 miles, 
Used 2024 Mazda, CX-30 S, $21,534, Great Price, 20,252 miles, 
Used 2024 Mazda, CX-30 Preferred, $25,998, Fair Price, 30,370 miles, 
Used 2024 Mazda, MX-5 Miata Grand Touring Manual, $30,990, Excellent Price, 739 miles, 
Used 2024 Mazda, CX-5 2.5 S Premium, $30,195, Great Price, 10,770 miles, 
Used 2024 Mazda, CX-50 Preferred, $27,000, Fair Price, 33,895 miles, 
Used 2024 Mazda, CX-30 Carbon Turbo, $29,999, Fair Price, 1,674 miles, 
Used 2024 Mazda, CX-30 Select, $24,015, Great Price, 4,133 miles, 
Used 2024 Mazda, CX-30 Turbo Premium Plus, $30,944, Great Price, 4,159 miles, 
Used 2024 Mazda, CX-50 Premium Plus, $33,490, Fair Price, 25,716 miles, 
Used 2024 Mazda, CX-30 Carbon Edition, $28,500, Fair Price, 3,824 miles, 
Used 2024 Mazda, CX-50 Premium Plus, $33,490, Fair Price, 25,716 miles, 
Used 2024 Mazda, CX-30 Turbo Premium, $31,366, High Price, 8,822 miles, 
Used 2024 Mazda, CX-90 Plug-In Hybrid Premium Plus, $40,984, Fair Price, 26,459 miles, 
Used 2024 Mazda, CX-30 Premium, $28,940, Excellent Price, 2,034 miles, 
Used 2024 Mazda, CX-5 2.5 S Select, $26,437, Fair Price, 15,901 miles, 
Used 2024 Mazda, CX-5 2.5 S Carbon Edition, $27,203, Excellent Price, 22,999 miles, 
Used 2024 Mazda, CX-30 Carbon Edition, $26,995, High Price, 29,055 miles, 
Used 2024 Mazda, CX-90 Plug-In Hybrid Premium, $38,571, Great Price, 18,638 miles, 
Used 2024 Mazda, CX-90 Select, $30,000, High Price, 29,239 miles, 
Used 2024 Mazda, CX-90 Premium Plus, $44,160, High Price, 10,074 miles, 
Used 2024 Mazda, Mazda3 2.5 Turbo Premium Plus Sedan Automatic AWD, $28,241, Great Price, 29,338 miles, 
Used 2024 Mazda, CX-50 Select, $29,495, Fair Price, 1,716 miles, 
Used 2024 Mazda, Mazda3 Select Sport Hatchback Automatic FWD, $24,999, Fair Price, 1,577 miles, 
Used 2024 Mazda, CX-30 Select, $23,998, Fair Price, 34,056 miles, 
Used 2024 Mazda, CX-5 2.5 S Premium, $30,195, Great Price, 10,770 miles, 
Used 2024 Mazda, CX-30 Turbo Premium Plus, $30,896, Great Price, 2,189 miles, 
Used 2024 Mazda, CX-30 S, $21,534, Great Price, 20,252 miles, 
Used 2024 Mazda, MX-5 Miata Grand Touring Manual, $30,990, Excellent Price, 739 miles, 
Used 2024 Mazda, CX-90 S, $34,943, Excellent Price, 35,533 miles, 
Used 2024 Mazda, Mazda3 Select Sport Sedan Automatic FWD, $22,045, Fair Price, 35,360 miles, 
Used 2024 Mazda, Mazda3 Select Sport Sedan Automatic FWD, $24,999, Fair Price, 1,291 miles, 
Used 2024 Mazda, Mazda3 Select Sport Hatchback Automatic FWD, $24,999, High Price, 1,750 miles, 
Used 2024 Mazda, CX-30 Select, $24,015, Great Price, 4,133 miles, 
Used 2024 Mazda, CX-30 Turbo Premium Plus, $30,944, Great Price, 4,159 miles, 
Used 2024 Mazda, CX-90 Plug-In Hybrid Premium, $40,500, Fair Price, 20,523 miles, 
Used 2024 Mazda, MX-5 Miata RF Grand Touring Automatic, $35,495, Fair Price, 1,678 miles, 
Used 2024 Mazda, CX-50 Premium, $30,443, Great Price, 9,011 miles, 
Used 2024 Mazda, CX-30 S, $23,989, Great Price, 29 miles, 
Used 2024 Mazda, CX-5 2.5 S Carbon Edition, $28,905, Great Price, 20,937 miles, 
Used 2024 Mazda, Mazda3 Select Sport Hatchback Automatic FWD, $24,999, High Price, 1,750 miles, 
Used 2024 Mazda, CX-5 2.5 Turbo Signature, $34,500, Fair Price, 25,237 miles, 
Used 2024 Mazda, CX-5 2.5 S Preferred, $27,225, Fair Price, 14,922 miles, 
Used 2024 Mazda, MX-5 Miata Grand Touring Automatic, $33,995, Fair Price, 663 miles, 
Used 2024 Mazda, Mazda3 Select Sport Sedan Automatic FWD, $24,500, Fair Price, 3,985 miles, 
Used 2024 Mazda, CX-90 Preferred, $34,990, High Price, 12,248 miles, 
Used 2024 Mazda, CX-50 Preferred, $29,995, High Price, 10,193 miles, 
Used 2024 Mazda, CX-30 Carbon Edition, $27,595, High Price, 31,088 miles, 
Used 2024 Mazda, Mazda3 2.5 S Sedan Automatic FWD, $24,999, High Price, 1,520 miles, 
Used 2024 Mazda, MX-5 Miata Grand Touring Automatic, $34,000, Fair Price, 575 miles, 
Used 2024 Mazda, CX-30 Preferred, $26,995, High Price, 20,669 miles, 
Used 2024 Mazda, CX-90 Plug-In Hybrid Premium Plus, $37,670, Excellent Price, 21,287 miles, 
Used 2024 Mazda, CX-90 Preferred Plus, $34,995, Fair Price, 27,583 miles, 
Used 2024 Mazda, CX-50 Premium Plus, $34,920, Fair Price, 11,479 miles, 
Used 2024 Mazda, Mazda3 Select Sport Sedan Automatic FWD, $23,495, High Price, 19,743 miles, 
Used 2024 Mazda, CX-50 Premium Plus, $34,995, Fair Price, 18,175 miles, 
Used 2024 Mazda, CX-90 Preferred Plus, $34,274, High Price, 33,911 miles, 
Used 2024 Mazda, CX-50 Turbo Premium, $36,598, Fair Price, 14,137 miles, 
Used 2024 Mazda, MX-5 Miata RF Grand Touring Automatic, $34,695, High Price, 18,850 miles, 
Used 2024 Mazda, CX-90 Select, $33,900, High Price, 7,475 miles, 
Used 2024 Mazda, CX-30 Carbon Edition, $27,995, High Price, 9,674 miles, 
Used 2024 Mazda, MX-5 Miata Grand Touring Automatic, $34,995, High Price, 2,110 miles, 
Used 2024 Mazda, CX-50 Select, $27,911, Fair Price, 11,870 miles, 
Used 2024 Mazda, CX-90 Premium, $34,956, High Price, 22,640 miles, 
Used 2024 Mazda, CX-90 S Premium Plus, $45,730, Fair Price, 13,501 miles, 
Used 2024 Mazda, CX-30 Select, $24,181, Great Price, 9,131 miles, 
Used 2024 Mazda, CX-90 Plug-In Hybrid Preferred, $38,787, High Price, 15,126 miles, 
Used 2024 Mazda, CX-90 Premium, $34,956, High Price, 22,640 miles, 
Used 2024 Mazda, CX-30 Select, $24,181, Great Price, 9,131 miles, 
Used 2024 Mazda, CX-30 Preferred, $25,789, High Price, 16,761 miles, 
