Year/Make, Model, Price, Rating, Mileage
Used 2023 Volkswagen, Tiguan SE FWD, 18480, Excellent Price, 61806
Used 2023 Volkswagen, Taos SE FWD, 16767, Excellent Price, 50780
Used 2023 Volkswagen, Tiguan SE R-Line Black 4MOTION, 25660, Great Price, 31735
Used 2023 Volkswagen, Jetta SE Automatic, 17995, Excellent Price, 43614
Used 2023 Volkswagen, Taos 2023.5 SE 4MOTION, 26264, Excellent Price, 11157
Used 2023 Volkswagen, ID.4 S RWD, 23798, Excellent Price, 5173
Used 2023 Volkswagen, Tiguan SE R-Line Black 4MOTION, 26995, Excellent Price, 23732
Used 2023 Volkswagen, Taos SE 4MOTION, 23591, Excellent Price, 19591
Used 2023 Volkswagen, ID.4 Pro S AWD, 17999, Excellent Price, 5544
Used 2023 Volkswagen, Taos SE 4MOTION, 22495, Excellent Price, 33112
Used 2023 Volkswagen, Tiguan SE 4MOTION, 25998, Great Price, 14472
Used 2023 Volkswagen, Taos 2023.5 SE 4MOTION, 22498, Excellent Price, 18502
Used 2023 Volkswagen, Tiguan SE 4MOTION, 26944, Great Price, 36769
Used 2023 Volkswagen, Atlas Cross Sport 2.0T SE with Technology 4MOTION, 29988, Fair Price, 17113
Used 2023 Volkswagen, Atlas 3.6L V6 SE with Technology 4MOTION, 34998, Fair Price, 14480
Used 2023 Volkswagen, Taos S FWD, 16995, Fair Price, 57015
Used 2023 Volkswagen, ID.4 Pro S RWD, 15999, Excellent Price, 21762
Used 2023 Volkswagen, Tiguan SE 4MOTION, 23228, Great Price, 38381
Used 2023 Volkswagen, ID.4 Pro S AWD, 24990, Excellent Price, 16194
Used 2023 Volkswagen, Taos SEL 4MOTION, 26198, Fair Price, 27371
Used 2023 Volkswagen, Golf GTI 2.0T 40th Anniversary Edition Manual, 24995, Great Price, 56209
Used 2023 Volkswagen, Taos S 4MOTION, 18990, Fair Price, 49431
Used 2023 Volkswagen, Atlas 3.6L V6 SE with Technology 4MOTION, 30899, Excellent Price, 28187
Used 2023 Volkswagen, Atlas 2.0T SE 4MOTION, 23200, Great Price, 65744
Used 2023 Volkswagen, Tiguan SE 4MOTION, 21990, Great Price, 49816
Used 2023 Volkswagen, Taos SE 4MOTION, 22998, Great Price, 31673
Used 2023 Volkswagen, Taos SE 4MOTION, 25798, Fair Price, 3684
Used 2023 Volkswagen, Golf GTI 2.0T 40th Anniversary Edition DSG, 29998, Fair Price, 15327
Used 2023 Volkswagen, Jetta Sport Automatic, 19977, Great Price, 14374
Used 2023 Volkswagen, Taos SE FWD, 24987, Fair Price, 23469
Used 2023 Volkswagen, Tiguan SE 4MOTION, 24995, Fair Price, 21559
Used 2023 Volkswagen, Tiguan SEL R-Line 4MOTION, 30056, Great Price, 16411
Used 2023 Volkswagen, Tiguan SE 4MOTION, 24690, Fair Price, 16242
Used 2023 Volkswagen, Tiguan S 4MOTION, 19999, Great Price, 47729
Used 2023 Volkswagen, Atlas 3.6L V6 SE with Technology 4MOTION, 35917, Fair Price, 22684
Used 2023 Volkswagen, ID.4 Pro S Plus AWD, 29999, Excellent Price, 3705
Used 2023 Volkswagen, Tiguan SE R-Line Black 4MOTION, 27999, Great Price, 21737
Used 2023 Volkswagen, Tiguan SE 4MOTION, 23494, Great Price, 40533
Used 2023 Volkswagen, Atlas 2.0T SEL 4MOTION, 32887, Excellent Price, 18075
Used 2023 Volkswagen, Atlas 3.6L V6 SE with Technology 4MOTION, 33499, Fair Price, 23712
Used 2023 Volkswagen, ID.4 Pro S AWD, 16999, Excellent Price, 34923
Used 2023 Volkswagen, Tiguan SE 4MOTION, 24998, Fair Price, 42747
Used 2023 Volkswagen, ID.4 Pro RWD, 24489, Fair Price, 32513
Used 2023 Volkswagen, Taos SE 4MOTION, 26762, Fair Price, 13143
Used 2023 Volkswagen, Golf GTI 2.0T 40th Anniversary Edition DSG, 27994, Great Price, 24864
Used 2023 Volkswagen, ID.4 Pro RWD, 21933, Great Price, 35993
Used 2023 Volkswagen, Taos S 4MOTION, 23998, Fair Price, 20268
Used 2023 Volkswagen, Tiguan SE R-Line Black 4MOTION, 27695, Great Price, 22775
Used 2023 Volkswagen, Tiguan S 4MOTION, 23998, Fair Price, 14899
Used 2023 Volkswagen, Taos 2023.5 SEL 4MOTION, 26550, Great Price, 23476
Used 2023 Volkswagen, Taos S 4MOTION, 22107, Great Price, 17474
Used 2023 Volkswagen, ID.4 Pro S Plus AWD, 30950, Excellent Price, 5674
Used 2023 Volkswagen, Tiguan SE 4MOTION, 23191, Great Price, 39425
Used 2023 Volkswagen, Taos 2023.5 SE 4MOTION, 23488, Fair Price, 36717
Used 2023 Volkswagen, Taos SEL 4MOTION, 25334, Great Price, 34986
Used 2023 Volkswagen, Taos S FWD, 19799, Fair Price, 25422
Used 2023 Volkswagen, Tiguan SE R-Line Black 4MOTION, 27888, High Price, 25818
Used 2023 Volkswagen, Golf GTI 2.0T SE DSG, 27439, Fair Price, 35245
Used 2023 Volkswagen, Golf GTI 2.0T SE Manual, 28900, Fair Price, 30422
Used 2023 Volkswagen, Taos SE FWD, 22880, High Price, 29839
Used 2023 Volkswagen, Taos SE FWD, 25677, Fair Price, 28764
Used 2023 Volkswagen, Golf GTI 2.0T 40th Anniversary Edition DSG, 27994, Great Price, 24864
Used 2023 Volkswagen, Taos SE FWD, 19895, Fair Price, 58783
Used 2023 Volkswagen, Tiguan SE 4MOTION, 23494, Great Price, 40533
Used 2023 Volkswagen, Jetta SE Automatic, 17992, Fair Price, 36525
Used 2023 Volkswagen, Tiguan S 4MOTION, 19999, Great Price, 47729
Used 2023 Volkswagen, Tiguan SEL R-Line 4MOTION, 29095, Fair Price, 34598
Used 2023 Volkswagen, ID.4 Pro S Plus AWD, 29999, Excellent Price, 3705
Used 2023 Volkswagen, Tiguan S 4MOTION, 23998, Fair Price, 14899
Used 2023 Volkswagen, ID.4 Pro S AWD, 16999, Excellent Price, 34923
Used 2023 Volkswagen, Taos S FWD, 20100, Great Price, 18362
Used 2023 Volkswagen, Tiguan SE R-Line Black 4MOTION, 27695, Great Price, 22775
Used 2023 Volkswagen, Tiguan S 4MOTION, 22138, Fair Price, 41422
Used 2023 Volkswagen, Atlas 2.0T SEL 4MOTION, 32887, Excellent Price, 18075
Used 2023 Volkswagen, Tiguan SE R-Line Black 4MOTION, 29970, Fair Price, 36640
Used 2023 Volkswagen, ID.4 Pro RWD, 21933, Great Price, 35993
Used 2023 Volkswagen, ID.4 Pro S RWD, 28990, Fair Price, 17356
Used 2023 Volkswagen, Tiguan SE R-Line Black FWD, 24189, Fair Price, 62025
Used 2023 Volkswagen, Taos 2023.5 SEL 4MOTION, 26550, Great Price, 23476
Used 2023 Volkswagen, Jetta SE Automatic, 18425, Fair Price, 46075
Used 2023 Volkswagen, Taos S 4MOTION, 22107, Great Price, 17474
Used 2023 Volkswagen, ID.4 Pro S Plus AWD, 30950, Excellent Price, 5674
Used 2023 Volkswagen, Jetta SE Automatic, 23992, Fair Price, 12244
Used 2023 Volkswagen, Tiguan SE R-Line Black FWD, 27989, Fair Price, 20833
Used 2023 Volkswagen, Taos SEL 4MOTION, 25334, Great Price, 34986
Used 2023 Volkswagen, Tiguan SE R-Line Black FWD, 24500, High Price, 45240
Used 2023 Volkswagen, Tiguan S FWD, 22477, High Price, 22337
Used 2023 Volkswagen, ID.4 Pro S AWD, 27216, Excellent Price, 9526
Used 2023 Volkswagen, Atlas 3.6L V6 SE with Technology 4MOTION, 31933, Great Price, 27283
Used 2023 Volkswagen, Taos SEL 4MOTION, 23796, Fair Price, 57943
Used 2023 Volkswagen, Tiguan S FWD, 22477, High Price, 22337
Used 2023 Volkswagen, Taos SE 4MOTION, 25913, Fair Price, 18325
Used 2023 Volkswagen, Atlas 3.6L V6 SE with Technology 4MOTION, 32769, High Price, 33074
Used 2023 Volkswagen, Taos 2023.5 S 4MOTION, 22319, Fair Price, 14195
Used 2023 Volkswagen, Tiguan SE R-Line Black FWD, 27715, Fair Price, 20589
Used 2023 Volkswagen, Jetta SE Automatic, 18955, High Price, 68144
Used 2023 Volkswagen, Tiguan S 4MOTION, 22138, Fair Price, 41422
Used 2023 Volkswagen, Golf R DSG, 38363, High Price, 33280
Used 2023 Volkswagen, Taos S FWD, 21477, High Price, 20368
Used 2023 Volkswagen, Atlas Cross Sport 3.6L V6 SE with Technology FWD, 31990, Fair Price, 19050
Used 2023 Volkswagen, Golf R 20th Anniversary Edition DSG, 45890, High Price, 7099
Used 2023 Volkswagen, Tiguan SE R-Line Black 4MOTION, 24480, Fair Price, 62850
Used 2023 Volkswagen, Tiguan SE R-Line Black FWD, 28690, High Price, 26463
Used 2023 Volkswagen, Atlas Cross Sport 2.0T SE 4MOTION, 23999, High Price, 23907
Used 2023 Volkswagen, Taos 2023.5 S 4MOTION, 24999, High Price, 20491
Used 2023 Volkswagen, Atlas Cross Sport 2.0T SE with Technology 4MOTION, 26990, Great Price, 27451
Used 2023 Volkswagen, Atlas 3.6L V6 SE with Technology 4MOTION, 33983, High Price, 42622
Used 2023 Volkswagen, Jetta Sport Automatic, 22388, High Price, 24055
