Used 2023 Acura, MDX Technology Package SH-AWD, $37,496, Excellent Price, 55,517 miles, 
Used 2023 Acura, Integra CVT w/A-Spec Technology Package, $28,950, Excellent Price, 22,527 miles, 
Used 2023 Acura, Integra CVT w/A-Spec Technology Package, $27,935, Excellent Price, 28,035 miles, 
Used 2023 Acura, MDX Technology Package SH-AWD, $43,450, Great Price, 23,140 miles, 
Used 2023 Acura, MDX A-Spec Package SH-AWD, $45,940, Great Price, 18,172 miles, 
Used 2023 Acura, MDX Advance Package SH-AWD, $42,988, Great Price, 61,727 miles, 
Used 2023 Acura, RDX FWD with Technology Package, $33,998, Great Price, 41,355 miles, 
Used 2023 Acura, TLX SH-AWD with Advance Package, $39,981, Excellent Price, 15,153 miles, 
Used 2023 Acura, MDX A-Spec Package SH-AWD, $44,000, Great Price, 34,884 miles, 
Used 2023 Acura, MDX Technology Package SH-AWD, $40,950, Great Price, 48,199 miles, 
Used 2023 Acura, RDX SH-AWD with A-Spec Advance Package, $40,549, Excellent Price, 16,078 miles, 
Used 2023 Acura, TLX SH-AWD with A-Spec Package, $38,950, Great Price, 16,041 miles, 
Used 2023 Acura, MDX Advance Package SH-AWD, $47,940, Great Price, 34,145 miles, 
Used 2023 Acura, MDX Advance Package SH-AWD, $48,950, Fair Price, 27,757 miles, 
Used 2023 Acura, MDX Advance Package SH-AWD, $44,888, Great Price, 45,329 miles, 
Used 2023 Acura, MDX Advance Package SH-AWD, $50,680, Great Price, 21,006 miles, 
Used 2023 Acura, MDX Advance Package SH-AWD, $51,440, Fair Price, 21,126 miles, 
Used 2023 Acura, TLX Type S SH-AWD, $44,391, Fair Price, 52,652 miles, 
Used 2023 Acura, MDX Advance Package SH-AWD, $50,859, Fair Price, 25,694 miles, 
Used 2023 Acura, Integra CVT w/A-Spec Technology Package, $28,999, Excellent Price, 18,042 miles, 
Used 2023 Acura, MDX A-Spec Package SH-AWD, $39,500, Great Price, 67,123 miles, 
Used 2023 Acura, Integra CVT w/A-Spec Package, $30,998, High Price, 15,764 miles, 
Used 2023 Acura, Integra Standard CVT, $24,400, Great Price, 29,533 miles, 
Used 2023 Acura, RDX SH-AWD with A-Spec Package, $41,998, Fair Price, 10,373 miles, 
Used 2023 Acura, Integra CVT w/A-Spec Technology Package, $29,795, Fair Price, 39,088 miles, 
Used 2023 Acura, Integra CVT w/A-Spec Technology Package, $28,659, Great Price, 36,478 miles, 
Used 2023 Acura, MDX Advance Package SH-AWD, $46,000, High Price, 35,317 miles, 
Used 2023 Acura, TLX SH-AWD with A-Spec Package, $38,949, Great Price, 10,921 miles, 
Used 2023 Acura, MDX Technology Package FWD, $42,495, Fair Price, 30,004 miles, 
Used 2023 Acura, MDX Technology Package FWD, $42,200, Fair Price, 34,725 miles, 
Used 2023 Acura, MDX Technology Package FWD, $42,495, Fair Price, 30,004 miles, 
Used 2023 Acura, MDX Advance Package SH-AWD, $45,000, Great Price, 33,044 miles, 
Used 2023 Acura, MDX Advance Package SH-AWD, $46,000, High Price, 35,317 miles, 
Used 2023 Acura, MDX Technology Package FWD, $42,200, Fair Price, 34,725 miles, 
Used 2023 Acura, MDX Technology Package FWD, $41,780, Fair Price, 40,490 miles, 
Used 2023 Acura, MDX Technology Package FWD, $42,950, High Price, 30,700 miles, 
Used 2023 Acura, MDX Advance Package SH-AWD, $51,761, Fair Price, 25,064 miles, 
Used 2023 Acura, RDX FWD with A-Spec Package, $38,958, Fair Price, 25,106 miles, 
Used 2023 Acura, MDX Advance Package SH-AWD, $50,878, Fair Price, 33,302 miles, 
Used 2023 Acura, Integra Manual w/A-Spec Technology Package, $34,998, Fair Price, 4,738 miles, 
Used 2023 Acura, Integra CVT w/A-Spec Technology Package, $31,143, Fair Price, 17,266 miles, 
Used 2023 Acura, MDX Technology Package FWD, $43,268, Fair Price, 26,420 miles, 
Used 2023 Acura, MDX Technology Package FWD, $37,975, Fair Price, 50,129 miles, 
Used 2023 Acura, Integra CVT w/A-Spec Package, $28,734, High Price, 40,272 miles, 
Used 2023 Acura, Integra CVT w/A-Spec Package, $29,864, High Price, 30,468 miles, 
Used 2023 Acura, RDX SH-AWD with Advance Package, $43,711, High Price, 28,448 miles, 
Used 2023 Acura, RDX FWD with A-Spec Package, $32,597, High Price, 72,249 miles, 
Used 2023 Acura, Integra CVT w/A-Spec Technology Package, $31,428, High Price, 59,051 miles, 
Used 2023 Acura, RDX FWD with Technology Package, $38,488, High Price, 8,255 miles, 
Used 2023 Acura, RDX SH-AWD with A-Spec Advance Package, $42,816, High Price, 56,582 miles, 
Used 2023 Acura, Integra CVT w/A-Spec Package, $27,833, Fair Price, 15,947 miles, 
Used 2023 Acura, RDX FWD with A-Spec Package, $36,864, High Price, 28,284 miles, 
Used 2023 Acura, Integra CVT w/A-Spec Package, $30,998, High Price, 29,978 miles, 
Used 2023 Acura, MDX A-Spec Package SH-AWD, $39,995, Fair Price, 78,203 miles, 
Used 2023 Acura, Integra CVT w/A-Spec Package, $28,254, High Price, 45,041 miles, 
Used 2023 Acura, MDX Advance Package SH-AWD, $46,500, Fair Price, 40,703 miles, 
Used 2023 Acura, RDX FWD with A-Spec Package, $40,950, High Price, 19,445 miles, 
Used 2023 Acura, Integra Manual w/A-Spec Technology Package, $30,998, Fair Price, 40,136 miles, 
Used 2023 Acura, RDX FWD with Technology Package, $37,457, Fair Price, 17,635 miles, 
Used 2023 Acura, RDX FWD with Technology Package, $37,707, Fair Price, 13,839 miles, 
Used 2023 Acura, Integra Manual w/A-Spec Technology Package, $28,980, High Price, 28,203 miles, 
