Used 2022 Alfa Romeo, Stelvio Ti AWD, $23,030, High Price, 28,206 miles, 
Used 2022 Alfa Romeo, Stelvio Ti AWD, $21,990, Excellent Price, 44,776 miles, 
Used 2022 Alfa Romeo, Stelvio Ti AWD, $28,699, Excellent Price, 14,095 miles, 
Used 2022 Alfa Romeo, Giulia Veloce AWD, $27,499, Excellent Price, 37,729 miles, 
Used 2022 Alfa Romeo, Giulia Sprint AWD, $24,499, Excellent Price, 38,842 miles, 
Used 2022 Alfa Romeo, Stelvio Veloce AWD, $30,999, Great Price, 15,819 miles, 
Used 2022 Alfa Romeo, Stelvio Veloce AWD, $25,250, Great Price, 29,887 miles, 
Used 2022 Alfa Romeo, Stelvio Ti AWD, $21,865, Excellent Price, 30,964 miles, 
Used 2022 Alfa Romeo, Stelvio Ti AWD, $21,990, Excellent Price, 44,776 miles, 
Used 2022 Alfa Romeo, Stelvio Ti AWD, $26,944, Great Price, 29,086 miles, 
Used 2022 Alfa Romeo, Stelvio Ti AWD, $28,495, Excellent Price, 20,600 miles, 
Used 2022 Alfa Romeo, Stelvio Ti AWD, $24,888, Great Price, 17,893 miles, 
Used 2022 Alfa Romeo, Giulia Ti AWD, $26,221, Great Price, 38,050 miles, 
Used 2022 Alfa Romeo, Stelvio Ti AWD, $23,958, Excellent Price, 21,480 miles, 
Used 2022 Alfa Romeo, Giulia Ti AWD, $26,784, Great Price, 23,257 miles, 
Used 2022 Alfa Romeo, Stelvio Ti AWD, $30,485, Fair Price, 10,651 miles, 
Used 2022 Alfa Romeo, Stelvio Veloce AWD, $26,180, Great Price, 17,827 miles, 
Used 2022 Alfa Romeo, Stelvio Veloce AWD, $30,995, Great Price, 26,070 miles, 
Used 2022 Alfa Romeo, Giulia Veloce AWD, $30,299, Fair Price, 15,274 miles, 
Used 2022 Alfa Romeo, Giulia Sprint AWD, $21,995, Excellent Price, 19,472 miles, 
Used 2022 Alfa Romeo, Stelvio Ti AWD, $25,900, Great Price, 14,651 miles, 
Used 2022 Alfa Romeo, Stelvio Ti AWD, $23,495, Great Price, 26,659 miles, 
Used 2022 Alfa Romeo, Stelvio Ti AWD, $22,298, Great Price, 30,104 miles, 
Used 2022 Alfa Romeo, Giulia Veloce AWD, $27,905, Great Price, 16,277 miles, 
Used 2022 Alfa Romeo, Stelvio Ti AWD, $25,448, Great Price, 25,845 miles, 
Used 2022 Alfa Romeo, Stelvio Ti AWD, $25,980, Great Price, 34,774 miles, 
Used 2022 Alfa Romeo, Stelvio Ti AWD, $26,996, Fair Price, 25,878 miles, 
Used 2022 Alfa Romeo, Stelvio Ti AWD, $26,295, Fair Price, 23,833 miles, 
Used 2022 Alfa Romeo, Stelvio Sprint AWD, $22,890, Great Price, 26,897 miles, 
Used 2022 Alfa Romeo, Stelvio Sprint AWD, $29,985, High Price, 21,873 miles, 
Used 2022 Alfa Romeo, Stelvio Veloce AWD, $29,995, High Price, 28,975 miles, 
Used 2022 Alfa Romeo, Giulia Ti AWD, $25,166, Fair Price, 45,281 miles, 
Used 2022 Alfa Romeo, Stelvio Ti AWD, $22,298, Great Price, 30,104 miles, 
Used 2022 Alfa Romeo, Stelvio Ti AWD, $26,998, High Price, 32,636 miles, 
Used 2022 Alfa Romeo, Stelvio Ti AWD, $25,448, Great Price, 25,845 miles, 
Used 2022 Alfa Romeo, Giulia Ti AWD, $27,401, Fair Price, 22,948 miles, 
Used 2022 Alfa Romeo, Stelvio Sprint AWD, $22,890, Great Price, 26,897 miles, 
Used 2022 Alfa Romeo, Stelvio Ti AWD, $23,603, Fair Price, 35,980 miles, 
Used 2022 Alfa Romeo, Stelvio Veloce AWD, $32,985, Fair Price, 22,644 miles, 
Used 2022 Alfa Romeo, Stelvio Ti AWD, $25,227, High Price, 44,166 miles, 
Used 2022 Alfa Romeo, Stelvio Sprint AWD, $25,447, Fair Price, 34,812 miles, 
Used 2022 Alfa Romeo, Stelvio Sprint AWD, $24,600, Fair Price, 25,365 miles, 
Used 2022 Alfa Romeo, Stelvio Veloce AWD, $25,995, High Price, 69,109 miles, 
Used 2022 Alfa Romeo, Giulia Ti RWD, $20,020, Excellent Price, 29,757 miles, 
Used 2022 Alfa Romeo, Stelvio Veloce AWD, $26,995, High Price, 34,407 miles, 
Used 2022 Alfa Romeo, Stelvio Veloce AWD, $27,839, High Price, 38,003 miles, 
Used 2022 Alfa Romeo, Stelvio Sprint AWD, $26,839, High Price, 27,390 miles, 
Used 2022 Alfa Romeo, Giulia Ti RWD, $25,295, High Price, 28,356 miles, 
Used 2022 Alfa Romeo, Giulia Ti AWD, $19,495, Great Price, 32,310 miles, 
Used 2022 Alfa Romeo, Stelvio Quadrifoglio AWD, $47,595, Fair Price, 25,950 miles, 
Used 2022 Alfa Romeo, Stelvio Ti AWD, $25,450, Fair Price, 39,498 miles, 
Used 2022 Alfa Romeo, Stelvio Ti AWD, $23,995, Fair Price, 28,841 miles, 
Used 2022 Alfa Romeo, Stelvio Veloce AWD, $26,497, High Price, 38,067 miles, 
Used 2022 Alfa Romeo, Stelvio Ti AWD, $23,999, High Price, 41,286 miles, 
Used 2022 Alfa Romeo, Giulia Ti AWD, $21,415, Fair Price, 36,230 miles, 
Used 2022 Alfa Romeo, Stelvio Ti AWD, $23,030, High Price, 28,206 miles, 
