Used 2024 BMW, i7 eDrive50 RWD, $73,900, Excellent Price, 7,209 miles, 
Used 2024 BMW, 530i xDrive, $47,000, Excellent Price, 10,500 miles, 
Used 2024 BMW, X5 xDrive40i, $53,995, Excellent Price, 22,330 miles, 
Used 2024 BMW, 740i xDrive, $76,500, Excellent Price, 5,130 miles, 
Used 2024 BMW, X3 xDrive30i AWD, $31,250, Excellent Price, 48,189 miles, 
Used 2024 BMW, X3 xDrive30i AWD South Africa, $43,250, Great Price, 12,905 miles, 
Used 2024 BMW, 530i xDrive, $55,000, Excellent Price, 2,844 miles, 
Used 2024 BMW, X5 xDrive40i, $49,954, Great Price, 32,921 miles, 
Used 2024 BMW, 230i Coupe xDrive, $35,579, Great Price, 9,638 miles, 
Used 2024 BMW, 330i xDrive, $39,800, Great Price, 9,878 miles, 
Used 2024 BMW, i4 xDrive40, $45,998, Great Price, 22,314 miles, 
Used 2024 BMW, 228i Gran Coupe xDrive, $32,831, Great Price, 15,510 miles, 
Used 2024 BMW, i4 M50, $58,444, Great Price, 5,079 miles, 
Used 2024 BMW, M235i Gran Coupe xDrive, $46,500, Great Price, 4,958 miles, 
Used 2024 BMW, X3 xDrive30i AWD, $46,485, Great Price, 12,031 miles, 
Used 2024 BMW, X5 Plug-In Hybrid xDrive50e, $67,500, Great Price, 6,578 miles, 
Used 2024 BMW, X5 M Competition, $92,000, Excellent Price, 23,785 miles, 
Used 2024 BMW, X4 xDrive30i, $40,996, Fair Price, 23,613 miles, 
Used 2024 BMW, X7 xDrive40i, $74,998, Great Price, 10,806 miles, 
Used 2024 BMW, 330i xDrive, $32,400, Excellent Price, 28,993 miles, 
Used 2024 BMW, i7 xDrive60, $87,889, Excellent Price, 9,782 miles, 
Used 2024 BMW, 228i Gran Coupe xDrive, $32,998, Fair Price, 16,285 miles, 
Used 2024 BMW, X7 xDrive40i, $63,995, Great Price, 19,522 miles, 
Used 2024 BMW, X5 xDrive40i, $61,488, Excellent Price, 8,771 miles, 
Used 2024 BMW, i7 xDrive60, $93,999, Excellent Price, 1,208 miles, 
Used 2024 BMW, X7 xDrive40i, $73,998, Fair Price, 16,309 miles, 
Used 2024 BMW, X3 xDrive30i AWD, $33,987, Excellent Price, 39,312 miles, 
Used 2024 BMW, X3 sDrive30i RWD, $31,000, Excellent Price, 45,959 miles, 
Used 2024 BMW, X3 xDrive30i AWD South Africa, $42,999, Excellent Price, 12,688 miles, 
Used 2024 BMW, X5 xDrive40i, $58,998, Excellent Price, 12,435 miles, 
Used 2024 BMW, M340i xDrive, $59,944, Fair Price, 18,311 miles, 
Used 2024 BMW, i7 xDrive60, $87,889, Excellent Price, 9,782 miles, 
Used 2024 BMW, X5 xDrive40i, $61,488, Excellent Price, 8,771 miles, 
Used 2024 BMW, i7 xDrive60, $93,999, Excellent Price, 1,208 miles, 
Used 2024 BMW, 330i xDrive, $39,500, Fair Price, 18,621 miles, 
Used 2024 BMW, M3 Competition xDrive, $86,998, Fair Price, 21,487 miles, 
Used 2024 BMW, X3 sDrive30i RWD, $31,000, Excellent Price, 45,959 miles, 
Used 2024 BMW, X3 xDrive30i AWD, $33,987, Excellent Price, 39,312 miles, 
Used 2024 BMW, 430i Convertible, $44,744, High Price, 29,369 miles, 
Used 2024 BMW, X5 xDrive40i, $58,998, Excellent Price, 12,435 miles, 
Used 2024 BMW, i5 eDrive40, $59,998, Excellent Price, 9 miles, 
Used 2024 BMW, i5 eDrive40, $58,477, Excellent Price, 3,055 miles, 
Used 2024 BMW, X3 xDrive30i AWD South Africa, $42,999, Excellent Price, 12,688 miles, 
Used 2024 BMW, X5 xDrive40i, $60,995, Excellent Price, 12,889 miles, 
Used 2024 BMW, X5 xDrive40i, $61,488, Great Price, 8,111 miles, 
Used 2024 BMW, 330i xDrive, $38,998, Fair Price, 25,156 miles, 
Used 2024 BMW, X3 xDrive30i AWD, $44,998, Great Price, 9,888 miles, 
Used 2024 BMW, X1 xDrive28i, $33,987, Great Price, 22,666 miles, 
Used 2024 BMW, X3 xDrive30i AWD, $46,998, Great Price, 3,859 miles, 
Used 2024 BMW, i5 eDrive40, $58,477, Great Price, 4,179 miles, 
Used 2024 BMW, 330i RWD, $29,000, Excellent Price, 36,728 miles, 
Used 2024 BMW, X5 xDrive40i, $57,995, Great Price, 13,411 miles, 
Used 2024 BMW, M235i Gran Coupe xDrive, $46,998, Excellent Price, 7,037 miles, 
Used 2024 BMW, 740i xDrive, $77,999, Excellent Price, 9,920 miles, 
Used 2024 BMW, X3 xDrive30i AWD, $43,995, Great Price, 11,745 miles, 
Used 2024 BMW, i4 eDrive40, $41,998, Excellent Price, 14,334 miles, 
Used 2024 BMW, 330i RWD, $33,000, Excellent Price, 21,352 miles, 
Used 2024 BMW, X1 M35i, $46,488, Excellent Price, 8,318 miles, 
Used 2024 BMW, X1 xDrive28i, $37,998, Great Price, 8,566 miles, 
Used 2024 BMW, X5 xDrive40i, $60,788, Great Price, 11,629 miles, 
Used 2024 BMW, i4 xDrive40, $52,998, Great Price, 4,935 miles, 
Used 2024 BMW, 228i Gran Coupe FWD, $28,000, Great Price, 26,903 miles, 
Used 2024 BMW, 230i Coupe xDrive, $36,996, Great Price, 14,355 miles, 
Used 2024 BMW, i4 eDrive35, $40,998, Great Price, 9,030 miles, 
Used 2024 BMW, X3 xDrive30i AWD, $40,995, Great Price, 17,219 miles, 
Used 2024 BMW, X3 sDrive30i RWD, $40,000, Great Price, 16,490 miles, 
Used 2024 BMW, X3 xDrive30i AWD, $39,998, Great Price, 22,008 miles, 
Used 2024 BMW, X7 xDrive40i, $67,998, Fair Price, 35,386 miles, 
Used 2024 BMW, X4 xDrive30i, $44,994, Fair Price, 17,487 miles, 
Used 2024 BMW, i4 xDrive40, $54,588, Great Price, 5,009 miles, 
Used 2024 BMW, 740i xDrive, $82,998, Great Price, 5,313 miles, 
Used 2024 BMW, 840i Gran Coupe, $66,500, Great Price, 13,152 miles, 
Used 2024 BMW, i4 xDrive40, $53,998, Great Price, 5,675 miles, 
Used 2024 BMW, i4 xDrive40, $58,474, Great Price, 6,262 miles, 
Used 2024 BMW, X3 xDrive30i AWD, $45,998, Fair Price, 8,696 miles, 
Used 2024 BMW, M3 Competition xDrive, $85,995, Great Price, 14,726 miles, 
Used 2024 BMW, 530i RWD, $47,999, Great Price, 11,579 miles, 
Used 2024 BMW, iX xDrive50, $60,995, Great Price, 13,208 miles, 
Used 2024 BMW, X5 xDrive40i, $67,000, High Price, 8,986 miles, 
Used 2024 BMW, X3 xDrive30i AWD, $34,700, Fair Price, 33,816 miles, 
Used 2024 BMW, i4 xDrive40, $52,998, Great Price, 5,425 miles, 
Used 2024 BMW, X3 xDrive30i AWD South Africa, $44,500, Fair Price, 10,851 miles, 
Used 2024 BMW, i5 eDrive40, $59,888, Fair Price, 5,118 miles, 
Used 2024 BMW, 530i xDrive, $57,444, Great Price, 10,144 miles, 
Used 2024 BMW, 330i RWD, $33,129, Fair Price, 23,499 miles, 
Used 2024 BMW, M3 Competition xDrive, $86,998, Fair Price, 21,487 miles, 
Used 2024 BMW, X3 xDrive30i AWD South Africa, $35,500, Fair Price, 32,692 miles, 
Used 2024 BMW, 740i RWD, $68,500, Great Price, 15,458 miles, 
Used 2024 BMW, 740i xDrive, $96,883, Great Price, 3,928 miles, 
Used 2024 BMW, X1 xDrive28i, $35,465, Fair Price, 12,539 miles, 
Used 2024 BMW, i4 eDrive40, $49,788, Fair Price, 5,426 miles, 
Used 2024 BMW, X1 xDrive28i, $37,998, Fair Price, 11,608 miles, 
Used 2024 BMW, 330i xDrive, $38,998, Fair Price, 25,156 miles, 
Used 2024 BMW, Plug-In Hybrid 330e xDrive, $32,494, Excellent Price, 24,540 miles, 
Used 2024 BMW, M440i Coupe xDrive, $57,995, Great Price, 12,158 miles, 
Used 2024 BMW, M340i xDrive, $59,944, Fair Price, 18,311 miles, 
Used 2024 BMW, X1 M35i, $48,998, Fair Price, 10,171 miles, 
Used 2024 BMW, iX xDrive50, $60,145, Fair Price, 14,326 miles, 
Used 2024 BMW, X5 xDrive40i, $59,900, Fair Price, 8,419 miles, 
Used 2024 BMW, 330i xDrive, $39,500, Fair Price, 18,621 miles, 
Used 2024 BMW, X3 M40i AWD, $56,995, Fair Price, 7,586 miles, 
Used 2024 BMW, X7 xDrive40i, $76,500, Fair Price, 12,758 miles, 
Used 2024 BMW, X5 xDrive40i, $56,800, Fair Price, 26,475 miles, 
Used 2024 BMW, 430i Convertible, $44,744, High Price, 29,369 miles, 
Used 2024 BMW, X7 M60i, $90,998, Fair Price, 18,077 miles, 
Used 2024 BMW, X5 M Competition, $107,998, Fair Price, 13,908 miles, 
Used 2024 BMW, i5 M60, $67,998, Fair Price, 9,117 miles, 
Used 2024 BMW, X5 M60i, $82,998, Fair Price, 12,599 miles, 
Used 2024 BMW, X7 xDrive40i, $74,980, Fair Price, 9,712 miles, 
Used 2024 BMW, 430i Coupe xDrive, $39,990, Excellent Price, 7,454 miles, 
Used 2024 BMW, X5 xDrive40i, $60,488, Fair Price, 21,193 miles, 
Used 2024 BMW, X3 M40i AWD, $56,987, Fair Price, 20,064 miles, 
Used 2024 BMW, X6 xDrive40i, $70,995, Fair Price, 21,530 miles, 
Used 2024 BMW, iX xDrive50, $60,995, Excellent Price, 6,702 miles, 
Used 2024 BMW, i5 eDrive40, $59,888, Fair Price, 7,024 miles, 
Used 2024 BMW, 228i Gran Coupe FWD, $35,554, Fair Price, 8,699 miles, 
Used 2024 BMW, M3 CS xDrive, $116,998, Fair Price, 10,664 miles, 
Used 2024 BMW, i5 eDrive40, $59,888, Fair Price, 7,379 miles, 
Used 2024 BMW, i4 eDrive35, $37,495, High Price, 28,291 miles, 
Used 2024 BMW, i5 eDrive40, $61,998, Fair Price, 3,970 miles, 
Used 2024 BMW, X7 xDrive40i, $74,998, Fair Price, 25,225 miles, 
Used 2024 BMW, X5 xDrive40i, $67,995, Fair Price, 16,203 miles, 
Used 2024 BMW, X7 M60i, $96,998, Fair Price, 9,134 miles, 
Used 2024 BMW, i4 xDrive40, $58,474, Fair Price, 8,351 miles, 
Used 2024 BMW, X3 xDrive30i AWD South Africa, $48,454, High Price, 12,514 miles, 
Used 2024 BMW, i4 M50, $61,488, Fair Price, 5,276 miles, 
Used 2024 BMW, X7 xDrive40i, $69,990, Fair Price, 29,518 miles, 
Used 2024 BMW, i4 xDrive40, $57,904, Fair Price, 9,203 miles, 
Used 2024 BMW, 430i Convertible xDrive, $52,788, Fair Price, 12,408 miles, 
Used 2024 BMW, X5 xDrive40i, $68,995, High Price, 13,993 miles, 
Used 2024 BMW, i5 eDrive40, $60,998, High Price, 6,693 miles, 
Used 2024 BMW, i5 eDrive40, $57,888, High Price, 10,758 miles, 
Used 2024 BMW, M850i xDrive Convertible, $91,786, Fair Price, 6,400 miles, 
Used 2024 BMW, M235i Gran Coupe xDrive, $51,162, Fair Price, 9,639 miles, 
Used 2024 BMW, X3 xDrive30i AWD South Africa, $48,454, High Price, 10,291 miles, 
Used 2024 BMW, X5 xDrive40i, $60,950, High Price, 17,760 miles, 
Used 2024 BMW, i4 eDrive35, $51,350, Fair Price, 1,127 miles, 
Used 2024 BMW, X5 Plug-In Hybrid xDrive50e, $69,995, Fair Price, 10,049 miles, 
Used 2024 BMW, X1 xDrive28i, $42,578, Fair Price, 1,369 miles, 
Used 2024 BMW, X5 xDrive40i, $67,999, High Price, 12,197 miles, 
Used 2024 BMW, iX xDrive50, $75,998, High Price, 4,382 miles, 
Used 2024 BMW, X7 xDrive40i, $85,693, High Price, 10,268 miles, 
Used 2024 BMW, X3 M40i AWD, $60,695, High Price, 11,900 miles, 
Used 2024 BMW, X5 xDrive40i, $67,995, High Price, 12,169 miles, 
Used 2024 BMW, X5 xDrive40i, $64,998, High Price, 20,308 miles, 
Used 2024 BMW, X3 xDrive30i AWD, $49,000, High Price, 7,400 miles, 
Used 2024 BMW, X1 xDrive28i, $42,535, Fair Price, 1,417 miles, 
Used 2024 BMW, i5 eDrive40, $60,888, High Price, 8,609 miles, 
Used 2024 BMW, M240i xDrive Coupe, $50,995, High Price, 21,570 miles, 
Used 2024 BMW, M240i xDrive Coupe, $53,995, High Price, 18,711 miles, 
Used 2024 BMW, X5 xDrive40i, $61,991, High Price, 2,287 miles, 
Used 2024 BMW, M240i xDrive Coupe, $50,995, High Price, 21,570 miles, 
Used 2024 BMW, M240i xDrive Coupe, $53,995, High Price, 18,711 miles, 
Used 2024 BMW, M850i xDrive Coupe, $84,999, High Price, 7,502 miles, 
Used 2024 BMW, X5 Plug-In Hybrid xDrive50e, $66,800, High Price, 4,952 miles, 
Used 2024 BMW, i4 xDrive40, $59,964, High Price, 8,349 miles, 
Used 2024 BMW, i5 eDrive40, $61,998, High Price, 7,174 miles, 
Used 2024 BMW, 228i Gran Coupe xDrive, $43,142, Fair Price, 2,638 miles, 
Used 2024 BMW, X4 xDrive30i, $53,144, High Price, 10,252 miles, 
Used 2024 BMW, 230i Coupe xDrive, $43,988, High Price, 4,778 miles, 
Used 2024 BMW, iX M60, $91,644, High Price, 4,762 miles, 
Used 2024 BMW, X3 xDrive30i AWD, $43,995, High Price, 24,946 miles, 
Used 2024 BMW, X7 xDrive40i, $84,783, High Price, 13,320 miles, 
Used 2024 BMW, 430i Convertible xDrive, $48,998, High Price, 33,383 miles, 
Used 2024 BMW, X2 xDrive28i, $36,990, High Price, 20,762 miles, 
Used 2024 BMW, Plug-In Hybrid 750e xDrive, $98,998, High Price, 10,441 miles, 
Used 2024 BMW, X5 xDrive40i, $60,987, High Price, 22,737 miles, 
Used 2024 BMW, X4 M40i AWD, $58,239, High Price, 24,658 miles, 
Used 2024 BMW, M850i xDrive Convertible, $98,999, High Price, 6,726 miles, 
Used 2024 BMW, 228i Gran Coupe xDrive, $43,706, High Price, 3,609 miles, 
Used 2024 BMW, 430i Convertible xDrive, $54,999, Fair Price, 8,564 miles, 
Used 2024 BMW, X1 xDrive28i, $49,895, High Price, 6,800 miles, 
Used 2024 BMW, X1 xDrive28i, $44,545, High Price, 9,889 miles, 
Used 2024 BMW, X4 xDrive30i, $60,345, High Price, 8,189 miles, 
Used 2024 BMW, 330i xDrive, $51,959, High Price, 9,081 miles, 
Used 2024 BMW, i4 eDrive40, $54,114, High Price, 10,271 miles, 
Used 2024 BMW, 330i xDrive, $49,534, High Price, 2,818 miles, 
Used 2024 BMW, X4 xDrive30i, $62,285, High Price, 8,702 miles, 
Used 2024 BMW, i4 xDrive40, $65,845, High Price, 4,849 miles, 
Used 2024 BMW, i4 xDrive40, $65,895, High Price, 1,797 miles, 
Used 2024 BMW, X1 M35i, $59,445, High Price, 8,552 miles, 
Used 2024 BMW, X1 M35i, $58,295, High Price, 9,554 miles, 
Used 2024 BMW, X4 xDrive30i, $60,345, High Price, 12,475 miles, 
Used 2024 BMW, 530i xDrive, $69,845, High Price, 11,858 miles, 
Used 2024 BMW, M440i Gran Coupe xDrive, $56,500, High Price, 7,995 miles, 
